{
    "results": {
        "X_rbf_2d": [
            0.8861940298507462,
            0.8869565217391304
        ],
        "X_rbf_3d": [
            0.9085820895522388,
            0.908695652173913
        ],
        "X_rbf_4d": [
            0.8936567164179104,
            0.9
        ],
        "X_rbf_5d": [
            0.914179104477612,
            0.9173913043478261
        ]
    },
    "params": {
        "filename": "car_766.csv",
        "dim_method": "umap",
        "classical_kernel": "rbf",
        "minmax_val_list": [
            [
                0,
                1
            ],
            [
                0,
                1
            ]
        ],
        "n_dimensions": [
            2,
            5
        ],
        "tsne_arguments": {
            "n_iter": 500,
            "perplexity": 30,
            "learning_rate": "auto"
        },
        "visualise_tsne_umap": false,
        "umap_arguments": {
            "n_neighbors": 5,
            "min_dist": 0.1,
            "metric": "euclidean"
        },
        "post_pca_scale": true,
        "scalers": [
            "standard",
            "minmax"
        ]
    }
}