{
    "results": {
        "X_rbf_2d": [
            0.6354609929078014,
            0.6732673267326733
        ],
        "X_rbf_3d": [
            0.6453900709219859,
            0.6534653465346535
        ],
        "X_rbf_4d": [
            0.649645390070922,
            0.6600660066006601
        ],
        "X_rbf_5d": [
            0.6695035460992907,
            0.6336633663366337
        ]
    },
    "params": {
        "filename": "forest_cov_1008.csv",
        "dim_method": "umap",
        "classical_kernel": "rbf",
        "minmax_val_list": [
            [
                0,
                1
            ],
            [
                0,
                1
            ]
        ],
        "n_dimensions": [
            2,
            5
        ],
        "tsne_arguments": {
            "n_iter": 500,
            "perplexity": 30,
            "learning_rate": "auto"
        },
        "visualise_tsne_umap": false,
        "umap_arguments": {
            "n_neighbors": 35,
            "min_dist": 0.1,
            "metric": "euclidean"
        },
        "post_pca_scale": true,
        "scalers": [
            "standard",
            "minmax"
        ]
    }
}