{
    "results": {
        "X_rbf_2d": [
            0.6113475177304964,
            0.594059405940594
        ],
        "X_rbf_3d": [
            0.6595744680851063,
            0.66996699669967
        ],
        "X_rbf_4d": [
            0.7120567375886525,
            0.6963696369636964
        ],
        "X_rbf_5d": [
            0.7375886524822695,
            0.7062706270627063
        ]
    },
    "params": {
        "filename": "forest_cov_1008.csv",
        "dim_method": "pca",
        "classical_kernel": "rbf",
        "minmax_val_list": [
            [
                0,
                1
            ],
            [
                0,
                1
            ]
        ],
        "n_dimensions": [
            2,
            5
        ],
        "tsne_arguments": {
            "n_iter": 500,
            "perplexity": 30,
            "learning_rate": "auto"
        },
        "visualise_tsne_umap": false,
        "umap_arguments": {
            "n_neighbors": 3,
            "min_dist": 0.1,
            "metric": "euclidean"
        },
        "post_pca_scale": true,
        "scalers": [
            "standard",
            "minmax"
        ]
    }
}