{
    "results": {
        "X_rbf_2d": [
            0.885145482388974,
            0.8718861209964412
        ],
        "X_rbf_3d": [
            0.9494640122511485,
            0.9288256227758007
        ],
        "X_rbf_4d": [
            0.9785604900459418,
            0.9679715302491103
        ],
        "X_rbf_5d": [
            0.9724349157733537,
            0.9750889679715302
        ]
    },
    "params": {
        "filename": "mushroom_934.csv",
        "dim_method": "pca",
        "classical_kernel": "rbf",
        "minmax_val_list": [
            [
                0,
                1
            ],
            [
                0,
                1
            ]
        ],
        "n_dimensions": [
            2,
            5
        ],
        "tsne_arguments": {
            "n_iter": 500,
            "perplexity": 30,
            "learning_rate": "auto"
        },
        "visualise_tsne_umap": false,
        "umap_arguments": {
            "n_neighbors": 3,
            "min_dist": 0.1,
            "metric": "euclidean"
        },
        "post_pca_scale": true,
        "scalers": [
            "standard",
            "minmax"
        ]
    }
}