{
    "results": {
        "X_rbf_2d": [
            0.878731343283582,
            0.808695652173913
        ],
        "X_rbf_3d": [
            0.8638059701492538,
            0.8217391304347826
        ],
        "X_rbf_4d": [
            0.9029850746268657,
            0.8521739130434782
        ],
        "X_rbf_5d": [
            0.9216417910447762,
            0.8478260869565217
        ]
    },
    "params": {
        "filename": "car_766.csv",
        "dim_method": "umap",
        "classical_kernel": "rbf",
        "minmax_val_list": [
            [
                0,
                1
            ],
            [
                0,
                1
            ]
        ],
        "n_dimensions": [
            2,
            5
        ],
        "tsne_arguments": {
            "n_iter": 500,
            "perplexity": 30,
            "learning_rate": "auto"
        },
        "visualise_tsne_umap": false,
        "umap_arguments": {
            "n_neighbors": 25,
            "min_dist": 0.1,
            "metric": "euclidean"
        },
        "post_pca_scale": true,
        "scalers": [
            "standard",
            "minmax"
        ]
    }
}