{
    "results": {
        "X_rbf_2d": [
            0.9259259259259259,
            0.9619047619047619
        ],
        "X_rbf_3d": [
            0.9300411522633745,
            0.9523809523809523
        ],
        "X_rbf_4d": [
            0.9711934156378601,
            0.9619047619047619
        ],
        "X_rbf_5d": [
            0.9917695473251029,
            0.9714285714285714
        ]
    },
    "params": {
        "filename": "digits_2_350.csv",
        "dim_method": "pca",
        "classical_kernel": "rbf",
        "minmax_val_list": [
            [
                0,
                1
            ],
            [
                0,
                1
            ]
        ],
        "n_dimensions": [
            2,
            5
        ],
        "tsne_arguments": {
            "n_iter": 500,
            "perplexity": 30,
            "learning_rate": "auto"
        },
        "visualise_tsne_umap": false,
        "umap_arguments": {
            "n_neighbors": 3,
            "min_dist": 0.1,
            "metric": "euclidean"
        },
        "post_pca_scale": true,
        "scalers": [
            "standard",
            "minmax"
        ]
    }
}