{
    "results": {
        "X_rbf_2d": [
            0.9081632653061225,
            0.6428571428571429
        ],
        "X_rbf_3d": [
            0.9183673469387755,
            0.8571428571428571
        ],
        "X_rbf_4d": [
            0.9285714285714286,
            0.7619047619047619
        ],
        "X_rbf_5d": [
            0.9285714285714286,
            0.7619047619047619
        ],
        "X_rbf_6d": [
            0.9285714285714286,
            0.7142857142857143
        ]
    },
    "params": {
        "filename": "car.csv",
        "dim_method": "umap",
        "classical_kernel": "rbf",
        "minmax_val_list": [
            [
                0,
                1
            ],
            [
                0,
                1
            ]
        ],
        "n_dimensions": [
            2,
            6
        ],
        "tsne_arguments": {
            "n_iter": 500,
            "perplexity": 30,
            "learning_rate": "auto"
        },
        "visualise_tsne_umap": false,
        "umap_arguments": {
            "n_neighbors": 25,
            "min_dist": 0.1,
            "metric": "euclidean"
        },
        "post_pca_scale": true,
        "scalers": [
            "standard",
            "minmax"
        ]
    }
}