{
    "results": {
        "X_rbf_2d": [
            0.610738255033557,
            0.5230769230769231
        ],
        "X_rbf_3d": [
            0.6040268456375839,
            0.5538461538461539
        ],
        "X_rbf_4d": [
            0.7315436241610739,
            0.6615384615384615
        ],
        "X_rbf_5d": [
            0.7248322147651006,
            0.7230769230769231
        ],
        "X_rbf_6d": [
            0.7583892617449665,
            0.7538461538461538
        ],
        "X_rbf_7d": [
            0.7248322147651006,
            0.7076923076923077
        ]
    },
    "params": {
        "filename": "forest_cov_2.csv",
        "dim_method": "pca",
        "classical_kernel": "rbf",
        "minmax_val_list": [
            [
                0,
                1
            ],
            [
                0,
                1
            ]
        ],
        "n_dimensions": [
            2,
            7
        ],
        "tsne_arguments": {
            "n_iter": 500,
            "perplexity": 30,
            "learning_rate": "auto"
        },
        "visualise_tsne_umap": false,
        "umap_arguments": {
            "n_neighbors": 3,
            "min_dist": 0.1,
            "metric": "euclidean"
        },
        "post_pca_scale": true,
        "scalers": [
            "standard",
            "minmax"
        ]
    }
}