{
    "results": {
        "X_rbf_2d": [
            0.9776119402985075,
            0.8620689655172413
        ],
        "X_rbf_3d": [
            0.9925373134328358,
            0.9137931034482759
        ],
        "X_rbf_4d": [
            0.9925373134328358,
            0.9482758620689655
        ],
        "X_rbf_5d": [
            1.0,
            0.9482758620689655
        ]
    },
    "params": {
        "filename": "digits_2.csv",
        "dim_method": "umap",
        "classical_kernel": "rbf",
        "minmax_val_list": [
            [
                0,
                1
            ],
            [
                0,
                1
            ]
        ],
        "n_dimensions": [
            2,
            5
        ],
        "tsne_arguments": {
            "n_iter": 500,
            "perplexity": 30,
            "learning_rate": "auto"
        },
        "visualise_tsne_umap": false,
        "umap_arguments": {
            "n_neighbors": 45,
            "min_dist": 0.1,
            "metric": "euclidean"
        },
        "post_pca_scale": true,
        "scalers": [
            "standard",
            "minmax"
        ]
    }
}