{
    "results": {
        "X_rbf_2d": [
            0.6711409395973155,
            0.5846153846153846
        ],
        "X_rbf_3d": [
            0.7046979865771812,
            0.6307692307692307
        ],
        "X_rbf_4d": [
            0.7315436241610739,
            0.7076923076923077
        ],
        "X_rbf_5d": [
            0.738255033557047,
            0.6615384615384615
        ]
    },
    "params": {
        "filename": "forest_cov_2.csv",
        "dim_method": "umap",
        "classical_kernel": "rbf",
        "minmax_val_list": [
            [
                0,
                1
            ],
            [
                0,
                1
            ]
        ],
        "n_dimensions": [
            2,
            5
        ],
        "tsne_arguments": {
            "n_iter": 500,
            "perplexity": 30,
            "learning_rate": "auto"
        },
        "visualise_tsne_umap": false,
        "umap_arguments": {
            "n_neighbors": 35,
            "min_dist": 0.1,
            "metric": "euclidean"
        },
        "post_pca_scale": true,
        "scalers": [
            "standard",
            "minmax"
        ]
    }
}