{
    "results": {
        "X_rbf_2d": [
            0.8878504672897196,
            0.8936170212765957
        ],
        "X_rbf_3d": [
            0.9532710280373832,
            0.7872340425531915
        ],
        "X_rbf_4d": [
            0.9158878504672897,
            0.8085106382978723
        ],
        "X_rbf_5d": [
            0.9439252336448598,
            0.8936170212765957
        ]
    },
    "params": {
        "filename": "mushroom.csv",
        "dim_method": "umap",
        "classical_kernel": "rbf",
        "minmax_val_list": [
            [
                0,
                1
            ],
            [
                0,
                1
            ]
        ],
        "n_dimensions": [
            2,
            5
        ],
        "tsne_arguments": {
            "n_iter": 500,
            "perplexity": 30,
            "learning_rate": "auto"
        },
        "visualise_tsne_umap": false,
        "umap_arguments": {
            "n_neighbors": 45,
            "min_dist": 0.1,
            "metric": "euclidean"
        },
        "post_pca_scale": true,
        "scalers": [
            "standard",
            "minmax"
        ]
    }
}