{
    "results": {
        "X_rbf_2d": [
            0.9253731343283582,
            0.896551724137931
        ],
        "X_rbf_3d": [
            0.9477611940298507,
            0.8793103448275862
        ],
        "X_rbf_4d": [
            0.9477611940298507,
            0.896551724137931
        ],
        "X_rbf_5d": [
            0.9776119402985075,
            0.9310344827586207
        ],
        "X_rbf_6d": [
            0.9776119402985075,
            0.9482758620689655
        ],
        "X_rbf_7d": [
            1.0,
            0.9655172413793104
        ]
    },
    "params": {
        "filename": "digits_2.csv",
        "dim_method": "pca",
        "classical_kernel": "rbf",
        "minmax_val_list": [
            [
                0,
                1
            ],
            [
                0,
                1
            ]
        ],
        "n_dimensions": [
            2,
            7
        ],
        "tsne_arguments": {
            "n_iter": 500,
            "perplexity": 30,
            "learning_rate": "auto"
        },
        "visualise_tsne_umap": false,
        "umap_arguments": {
            "n_neighbors": 5,
            "min_dist": 0.1,
            "metric": "euclidean"
        },
        "post_pca_scale": true,
        "scalers": [
            "standard",
            "minmax"
        ]
    }
}