{
    "results": {
        "X_rbf_2d": [
            0.8979591836734694,
            0.7619047619047619
        ],
        "X_rbf_3d": [
            0.8061224489795918,
            0.7142857142857143
        ],
        "X_rbf_4d": [
            0.8775510204081632,
            0.7619047619047619
        ],
        "X_rbf_5d": [
            0.9081632653061225,
            0.7857142857142857
        ],
        "X_rbf_6d": [
            0.8877551020408163,
            0.7857142857142857
        ]
    },
    "params": {
        "filename": "car.csv",
        "dim_method": "umap",
        "classical_kernel": "rbf",
        "minmax_val_list": [
            [
                0,
                1
            ],
            [
                0,
                1
            ]
        ],
        "n_dimensions": [
            2,
            6
        ],
        "tsne_arguments": {
            "n_iter": 500,
            "perplexity": 30,
            "learning_rate": "auto"
        },
        "visualise_tsne_umap": false,
        "umap_arguments": {
            "n_neighbors": 5,
            "min_dist": 0.1,
            "metric": "euclidean"
        },
        "post_pca_scale": true,
        "scalers": [
            "standard",
            "minmax"
        ]
    }
}