{
    "results": {
        "X_rbf_2d": [
            0.7046979865771812,
            0.6153846153846154
        ],
        "X_rbf_3d": [
            0.7181208053691275,
            0.6923076923076923
        ],
        "X_rbf_4d": [
            0.7248322147651006,
            0.6461538461538462
        ],
        "X_rbf_5d": [
            0.7315436241610739,
            0.6461538461538462
        ],
        "X_rbf_6d": [
            0.7449664429530202,
            0.676923076923077
        ],
        "X_rbf_7d": [
            0.7449664429530202,
            0.6307692307692307
        ]
    },
    "params": {
        "filename": "forest_cov_2.csv",
        "dim_method": "umap",
        "classical_kernel": "rbf",
        "minmax_val_list": [
            [
                0,
                1
            ],
            [
                0,
                1
            ]
        ],
        "n_dimensions": [
            2,
            7
        ],
        "tsne_arguments": {
            "n_iter": 500,
            "perplexity": 30,
            "learning_rate": "auto"
        },
        "visualise_tsne_umap": false,
        "umap_arguments": {
            "n_neighbors": 45,
            "min_dist": 0.1,
            "metric": "euclidean"
        },
        "post_pca_scale": true,
        "scalers": [
            "standard",
            "minmax"
        ]
    }
}