{
    "results": {
        "X_rbf_2d": [
            0.8899253731343284,
            0.8130434782608695
        ],
        "X_rbf_3d": [
            0.8824626865671642,
            0.8304347826086956
        ],
        "X_rbf_4d": [
            0.914179104477612,
            0.8347826086956521
        ],
        "X_rbf_5d": [
            0.9104477611940298,
            0.8695652173913043
        ]
    },
    "params": {
        "filename": "car_766.csv",
        "dim_method": "umap",
        "classical_kernel": "rbf",
        "minmax_val_list": [
            [
                0,
                1
            ],
            [
                0,
                1
            ]
        ],
        "n_dimensions": [
            2,
            5
        ],
        "tsne_arguments": {
            "n_iter": 500,
            "perplexity": 30,
            "learning_rate": "auto"
        },
        "visualise_tsne_umap": false,
        "umap_arguments": {
            "n_neighbors": 35,
            "min_dist": 0.1,
            "metric": "euclidean"
        },
        "post_pca_scale": true,
        "scalers": [
            "standard",
            "minmax"
        ]
    }
}