{
    "results": {
        "X_rbf_2d": [
            0.8152985074626866,
            0.808695652173913
        ],
        "X_rbf_3d": [
            0.8246268656716418,
            0.7956521739130434
        ],
        "X_rbf_4d": [
            0.8302238805970149,
            0.8173913043478261
        ],
        "X_rbf_5d": [
            0.9029850746268657,
            0.8956521739130435
        ]
    },
    "params": {
        "filename": "car_766.csv",
        "dim_method": "pca",
        "classical_kernel": "rbf",
        "minmax_val_list": [
            [
                0,
                1
            ],
            [
                0,
                1
            ]
        ],
        "n_dimensions": [
            2,
            5
        ],
        "tsne_arguments": {
            "n_iter": 500,
            "perplexity": 30,
            "learning_rate": "auto"
        },
        "visualise_tsne_umap": false,
        "umap_arguments": {
            "n_neighbors": 3,
            "min_dist": 0.1,
            "metric": "euclidean"
        },
        "post_pca_scale": true,
        "scalers": [
            "standard",
            "minmax"
        ]
    }
}