{
    "results": {
        "X_rbf_2d": [
            0.6184397163120567,
            0.5775577557755776
        ],
        "X_rbf_3d": [
            0.6439716312056738,
            0.6336633663366337
        ],
        "X_rbf_4d": [
            0.6439716312056738,
            0.6303630363036303
        ],
        "X_rbf_5d": [
            0.6439716312056738,
            0.6468646864686468
        ]
    },
    "params": {
        "filename": "forest_cov_1008.csv",
        "dim_method": "umap",
        "classical_kernel": "rbf",
        "minmax_val_list": [
            [
                0,
                1
            ],
            [
                0,
                1
            ]
        ],
        "n_dimensions": [
            2,
            5
        ],
        "tsne_arguments": {
            "n_iter": 500,
            "perplexity": 30,
            "learning_rate": "auto"
        },
        "visualise_tsne_umap": false,
        "umap_arguments": {
            "n_neighbors": 25,
            "min_dist": 0.1,
            "metric": "euclidean"
        },
        "post_pca_scale": true,
        "scalers": [
            "standard",
            "minmax"
        ]
    }
}